2013,0000000151,5,1,1,2,1,00070,3,4,11260,02,020,0028.12,3,5,6, , , , ,8, , , , ,1,5,0124,0, , , ,NA   ,2,3,6,0001165,00007166,018.69,00087800,173.46,00001998,00002331,0
2013,0000001281,3,1,1,1,1,00625,3,1,11260,02,020,0027.11,2,2,5, , , , ,5, , , , ,1,2,0862,3, , , ,NA   ,2,1,6,0000205,00006589,027.58,00087800,123.83,00002049,00002230,0
2013,0000001281,3,1,1,1,1,00420,3,1,11260,02,020,0021.00,2,5,5, , , , ,8, , , , ,1,5,0242,3, , , ,NA   ,2,1,6,0000312,00003787,040.61,00087800,072.52,00000669,00001231,0
2013,0000001281,3,1,1,3,1,00360,3,1,11260,02,020,0023.01,2,2,5, , , , ,5, , , , ,1,2,0083,7, , , ,NA   ,2,1,6,0000438,00007088,029.61,00087800,137.71,00002009,00002332,0
2013,0000001281,3,1,1,3,1,00626,3,1,11260,02,020,0027.11,2,5,1, , , , ,8, , , , ,1,5,0784,7, , , ,NA   ,2,1,6,0000837,00006589,027.58,00087800,123.83,00002049,00002230,0
2013,0000001281,3,2,1,1,1,00217,3,3,11260,02,020,0026.03,3,3,6, , , , ,6, , , , ,3,3,0112,0, , , ,NA   ,2,1,6,0000992,00006341,037.34,00087800,111.17,00001892,00002177,0
2013,0000001281,3,1,1,1,1,00473,3,1,11260,02,020,0028.22,2,2,5, , , , ,5, , , , ,1,2,0208,7, , , ,NA   ,2,1,6,0001993,00004020,013.03,00087800,157.81,00001387,00001503,0
2013,0000002285,5,1,1,3,1,00391,3,1,11260,02,020,0027.11,2,2,5, , , , ,5, , , , ,1,2,0271,7, , , ,NA   ,2,1, ,0000074,00006589,027.58,00087800,123.83,00002049,00002230,0
2013,0000002285,5,1,1,1,1,00323,1,1,11260,02,020,0013.00,3,3,6, , , , ,6, , , , ,3,3,0173,7, , , ,NA   ,2,1, ,0000076,00003059,015.20,00087800,170.10,00001113,00001306,0
2013,0000002285,5,1,1,3,1,00296,3,1,11260,02,020,0023.01,3,3,6, , , , ,6, , , , ,1,2,0135,7, , , ,NA   ,2,1, ,0000119,00007088,029.61,00087800,137.71,00002009,00002332,0
2013,0000002285,5,1,1,3,1,00240,3,3,11260,02,020,0027.02,3,5,6, , , , ,8, , , , ,3,5,0093,0,3, , ,NA   ,2,1, ,0000121,00009670,026.83,00087800,111.63,00002926,00003554,0
2013,0000002285,5,1,1,3,1,00146,3,1,11260,02,020,0028.12,3,5,6, , , , ,8, , , , ,1,5,0206,1, , , ,NA   ,2,1, ,0000143,00007166,018.69,00087800,173.46,00001998,00002331,0
2013,0000002285,5,1,1,3,1,00487,3,1,11260,02,020,0001.01,2,2,5, , , , ,5, , , , ,1,2,0142,7, , , ,NA   ,2,1, ,0000154,00005736,015.93,00087800,133.78,00001522,00001923,0
2013,0000002285,5,1,1,1,2,00100,3,5,11260,02,170,0010.01,3,3,6, , , , ,6, , , , ,3,3,0087,0, , , ,NA   ,2,1, ,0000159,00003458,017.35,00087800,112.09,00000998,00001268,0
2013,0000002285,5,1,1,1,1,00375,3,1,11260,02,020,0028.13,2,5,5, , , , ,8, , , , ,1,5,0124,7, , , ,NA   ,2,1, ,0000178,00004579,010.50,00087800,189.96,00001614,00001761,0
2013,0000002285,5,1,1,3,1,00161,3,4,11260,02,020,0027.02,2,5,5, , , , ,8, , , , ,2,5,0080,0, , , ,NA   ,2,1, ,0000212,00009670,026.83,00087800,111.63,00002926,00003554,0
2013,0000002285,5,1,1,3,1,00320,3,3,11260,02,020,0027.02,3,3,6, , , , ,6, , , , ,3,3,0108,0,9, , ,NA   ,2,1, ,0000345,00009670,026.83,00087800,111.63,00002926,00003554,0
2013,0000002285,5,1,1,3,1,00150,3,1,11260,02,020,0008.01,3,3,6, , , , ,6, , , , ,1,2,0114,1, , , ,NA   ,2,1, ,0000369,00007323,063.17,00087800,066.19,00000976,00002030,0
2013,0000002285,5,1,1,1,1,00553,1,1,11260,02,020,0012.00,3,3,6, , , , ,6, , , , ,1,2,0186,7, , , ,NA   ,2,1, ,0000393,00003718,014.42,00087800,149.81,00001005,00001536,0
2013,0000002285,5,1,1,1,1,00600,1,1,11260,02,020,0028.22,3,3,6, , , , ,6, , , , ,1,2,0392,7, , , ,01.58,2,1, ,0000416,00004020,013.03,00087800,157.81,00001387,00001503,0
2013,0000002285,5,1,1,3,1,00210,3,1,11260,02,020,0008.01,2,3,3, , , , ,6, , , , ,1,2,0079,7, , , ,NA   ,2,1, ,0000442,00007323,063.17,00087800,066.19,00000976,00002030,0
2013,0000002285,5,1,1,3,1,00328,3,1,11260,02,020,0028.22,3,3,6, , , , ,6, , , , ,3,3,0271,7, , , ,02.12,2,1, ,0000448,00004020,013.03,00087800,157.81,00001387,00001503,0
2013,0000002285,5,1,1,3,1,00125,3,1,11260,02,170,0008.00,3,3,6, , , , ,6, , , , ,1,2,0066,7, , , ,NA   ,2,1, ,0000461,00004895,020.39,00087800,067.66,00000867,00001844,0
2013,0000002285,5,1,1,1,2,00497,1,1,11260,02,020,0028.23,2,5,5, , , , ,8, , , , ,1,5,0260,7, , , ,NA   ,2,1, ,0000519,00005217,015.85,00087800,194.96,00001648,00001945,0
2013,0000002285,5,1,1,3,1,00300,3,1,11260,02,020,0028.12,2,2,5, , , , ,5, , , , ,1,2,0195,7, , , ,02.29,2,1, ,0000520,00007166,018.69,00087800,173.46,00001998,00002331,0
2013,0000002285,5,1,1,3,1,00114,3,1,11260,02,020,0017.01,2,5,5, , , , ,8, , , , ,2,5,0089,7, , , ,01.54,2,1, ,0000559,00006843,038.32,00087800,098.29,00001685,00002621,0
2013,0000002285,5,1,1,3,1,00170,3,1,11260,02,020,0019.00,2,2,5, , , , ,5, , , , ,2,1,0131,7, , , ,NA   ,2,1, ,0000568,00004194,058.97,00087800,069.50,00000441,00000947,0
2013,0000002285,5,1,1,1,1,00165,1,1,11260,02,170,0006.03,2,5,5, , , , ,8, , , , ,1,5,0107,1, , , ,NA   ,2,1, ,0000611,00006131,019.20,00087800,099.63,00001446,00001781,0
2013,0000002285,5,1,1,1,1,00194,1,1,11260,02,170,0006.03,3,5,6, , , , ,8, , , , ,1,5,0123,7, , , ,NA   ,2,1, ,0000668,00006131,019.20,00087800,099.63,00001446,00001781,0
2013,0000002285,5,1,1,1,2,00236,1,1,11260,02,020,0025.01,3,3,6, , , , ,6, , , , ,2,1,0184,1, , , ,NA   ,2,1, ,0000682,00004993,038.15,00087800,105.11,00001338,00001795,0
2013,0000002285,5,1,1,1,1,00272,1,1,11260,02,170,0012.02,3,3,6, , , , ,6, , , , ,1,2,0223,7, , , ,NA   ,2,1, ,0000691,00004664,019.79,00087800,102.58,00001052,00001409,0
2013,0000002285,5,1,1,1,1,00216,1,1,11260,02,020,0009.02,3,5,5, , , , ,8, , , , ,1,5,0084,7, , , ,NA   ,2,1, ,0000801,00003141,056.06,00087800,068.47,00000541,00000799,0
2013,0000002285,5,1,1,1,1,00304,1,1,11260,02,020,0028.11,2,5,5, , , , ,8, , , , ,2,5,0110,1, , , ,NA   ,2,1, ,0001066,00006313,044.27,00087800,087.68,00001734,00001829,0
2013,0000002285,5,1,1,2,1,00095,3,1,11260,02,020,0027.02,2,5,1,5, , , ,8, , , , ,1,5,0192,0, , , ,NA   ,2,2, ,0001156,00009670,026.83,00087800,111.63,00002926,00003554,0
2013,0000002285,5,1,1,1,1,00040,3,2,11260,02,020,0012.00,2,2,5, , , , ,5, , , , ,1,2,0244,0, , , ,NA   ,2,2, ,0001172,00003718,014.42,00087800,149.81,00001005,00001536,0
2013,0000002285,5,1,1,2,1,00040,3,1,11260,02,020,0002.02,2,5,5, , , , ,8, , , , ,2,5,0045,0, , , ,NA   ,2,2, ,0001185,00005947,019.71,00087800,104.99,00001621,00002011,0
2013,0000002285,5,1,1,3,1,00055,3,1,11260,02,020,0028.11,2,2,5, , , , ,5, , , , ,1,2,0115,0, , , ,NA   ,2,1, ,0001190,00006313,044.27,00087800,087.68,00001734,00001829,0
2013,0000002285,5,1,1,3,1,00065,3,1,11260,02,020,0002.02,2,5,5, , , , ,8, , , , ,2,5,0045,0, , , ,NA   ,2,2, ,0001211,00005947,019.71,00087800,104.99,00001621,00002011,0
2013,0000002285,5,1,1,3,1,00137,3,1,11260,02,020,0013.00,2,2,5, , , , ,5, , , , ,1,2,0121,0, , , ,NA   ,2,1, ,0001216,00003059,015.20,00087800,170.10,00001113,00001306,0
2013,0000002285,5,1,1,3,1,00100,3,1,11260,02,020,0002.02,2,5,5, , , , ,8, , , , ,2,5,0039,0, , , ,NA   ,2,1, ,0001275,00005947,019.71,00087800,104.99,00001621,00002011,0
2013,0000003130,5,1,1,3,1,00280,3,4,11260,02,020,0027.02,3,3,6, , , , ,6, , , , ,3,3,0097,0, , , ,NA   ,2,1,6,0000141,00009670,026.83,00087800,111.63,00002926,00003554,0
2013,0000003130,5,1,1,1,1,00290,3,1,11260,02,020,0023.02,2,5,5, , , , ,8, , , , ,2,5,0117,3, , , ,NA   ,2,1,6,0000789,00004791,036.74,00087800,111.63,00001169,00001609,0
2013,0000003130,5,1,1,1,2,00376,3,1,11260,02,020,0027.11,3,3,6, , , , ,6, , , , ,1,2,0266,0, , , ,NA   ,2,1,6,0000847,00006589,027.58,00087800,123.83,00002049,00002230,0
2013,0000003130,5,1,1,1,1,00310,3,1,11260,02,020,0027.12,2,2,5, , , , ,5, , , , ,1,2,0101,3, , , ,NA   ,2,1,6,0001412,00009068,046.12,00087800,086.38,00002152,00003002,0
2013,0000003360,5,1,1,3,1,00308,3,3,11260,02,020,0028.23,3,3,6, , , , ,6, , , , ,1,2,0108,0, , , ,NA   ,2,1,6,0000305,00005217,015.85,00087800,194.96,00001648,00001945,0
2013,0000003360,5,2,1,1,1,00215,2,3,11260,02,020,0002.03,2,2,5, , , , ,5, , , , ,2,1,NA  ,0, , , ,NA   ,2,1,6,0001099,00010549,017.51,00087800,129.43,00003080,00003541,0
2013,0000005750,1,3,1,1,1,00260,1,1,11260,02,020,0002.01,2,5,5, , , , ,8, , , , ,1,5,0088,6, , , ,NA   ,2,1,6,0001035,00004110,024.43,00087800,092.76,00000969,00001272,0
2013,0000005892,5,1,1,1,2,00172,1,1,11260,02,020,0026.01,2,2,5, , , , ,5, , , , ,2,1,0201,7, , , ,NA   ,2,1, ,0000016,00004784,048.89,00087800,088.03,00000698,00001460,0
2013,0000005892,5,3,1,1,1,00279,2,1,11260,02,020,0002.01,2,2,5, , , , ,2, , , , ,1,2,0085,7, , , ,NA   ,2,1, ,0000017,00004110,024.43,00087800,092.76,00000969,00001272,0
2013,0000005892,5,1,1,3,1,00175,3,1,11260,02,020,0002.02,2,2,5, , , , ,5, , , , ,2,1,0097,7, , , ,NA   ,2,1, ,0000025,00005947,019.71,00087800,104.99,00001621,00002011,0
2013,0000005892,5,1,1,1,1,00356,2,1,11260,02,020,0023.01,2,2,4, , , , ,5, , , , ,2,1,0141,7, , , ,NA   ,2,1, ,0000046,00007088,029.61,00087800,137.71,00002009,00002332,0
2013,0000005892,5,2,1,1,1,00288,1,1,11260,02,020,0027.02,2,2,2, , , , ,2, , , , ,1,2,0090,7, , , ,NA   ,2,1, ,0000055,00009670,026.83,00087800,111.63,00002926,00003554,0
2013,0000005892,5,3,1,1,1,00498,1,1,11260,02,020,0002.02,2,2,5, , , , ,1,5, , , ,1,2,0141,7, , , ,NA   ,2,1, ,0000059,00005947,019.71,00087800,104.99,00001621,00002011,0
2013,0000005892,5,1,1,3,1,00125,3,1,11260,02,020,0017.32,2,2,5, , , , ,1, , , , ,2,2,0159,7, , , ,NA   ,2,1, ,0000064,00006179,038.21,00087800,115.35,00001778,00002199,0
2013,0000005892,5,1,1,3,1,00184,3,1,11260,02,020,0028.12,2,2,5, , , , ,5, , , , ,2,1,0066,7, , , ,NA   ,2,1, ,0000066,00007166,018.69,00087800,173.46,00001998,00002331,0
2013,0000005892,5,1,1,3,1,00379,3,1,11260,02,020,0028.13,2,3,5, , , , ,6, , , , ,2,1,0271,7, , , ,NA   ,2,1, ,0000067,00004579,010.50,00087800,189.96,00001614,00001761,0
2013,0000005892,5,1,1,1,1,00202,1,1,11260,02,020,0024.00,2,5,5, , , , ,8, , , , ,2,5,0052,7, , , ,NA   ,2,1, ,0000068,00003299,038.04,00087800,114.71,00000770,00000955,0
2013,0000005892,5,3,1,1,1,00469,2,4,11260,02,020,0002.04,2,2,5, , , , ,1,5, , , ,1,2,0141,0, , , ,NA   ,2,1, ,0000069,00003381,017.07,00087800,155.13,00000920,00001168,0
2013,0000005892,5,1,1,3,1,00156,3,1,11260,02,020,0028.11,2,5,5, , , , ,8, , , , ,1,5,0067,7, , , ,NA   ,2,1, ,0000070,00006313,044.27,00087800,087.68,00001734,00001829,0
2013,0000005892,5,1,1,3,1,00225,3,1,11260,02,020,0028.12,2,2,5, , , , ,5, , , , ,2,1,0085,7, , , ,NA   ,2,1, ,0000077,00007166,018.69,00087800,173.46,00001998,00002331,0
2013,0000005892,5,1,1,3,1,00198,3,1,11260,02,020,0017.02,2,5,4, , , , ,8, , , , ,2,5,0062,7, , , ,NA   ,2,1, ,0000090,00005258,034.58,00087800,112.26,00001479,00001868,0
2013,0000005892,5,1,1,3,1,00234,3,4,11260,02,020,0012.00,2,5,5, , , , ,8, , , , ,2,5,0078,0, , , ,NA   ,2,1, ,0000103,00003718,014.42,00087800,149.81,00001005,00001536,0
2013,0000005892,5,1,1,3,1,00147,3,4,11260,02,020,0014.00,2,5,5, , , , ,8, , , , ,1,5,0128,0, , , ,NA   ,2,1, ,0000108,00005224,047.68,00087800,058.97,00000657,00001074,0
2013,0000005892,5,2,1,3,1,00259,3,4,11260,02,020,0026.03,2,3,5, , , , ,5, , , , ,1,2,0123,0, , , ,NA   ,2,1, ,0000127,00006341,037.34,00087800,111.17,00001892,00002177,0
2013,0000005892,5,1,1,3,1,00110,3,3,11260,02,020,0024.00,2,3,5, , , , ,6, , , , ,2,3,0050,0,3, , ,NA   ,2,1, ,0000146,00003299,038.04,00087800,114.71,00000770,00000955,0
2013,0000005892,5,1,1,3,1,00225,3,3,11260,02,020,0013.00,2,2,5, , , , ,5, , , , ,1,2,0058,0,1, , ,NA   ,2,1, ,0000151,00003059,015.20,00087800,170.10,00001113,00001306,0
2013,0000005892,5,1,1,1,1,00101,1,4,11260,02,020,0020.00,2,5,5, , , , ,8, , , , ,2,5,0020,0, , , ,NA   ,2,1, ,0000164,00003748,056.54,00087800,063.98,00000495,00001246,0
2013,0000005892,5,1,1,3,1,00178,3,1,11260,02,020,0026.02,2,2,5, , , , ,5, , , , ,1,2,0096,7, , , ,NA   ,2,1, ,0000166,00005805,041.05,00087800,117.41,00001588,00001849,0
2013,0000005892,5,1,1,3,1,00456,3,1,11260,02,020,0028.13,3,3,6, , , , ,6, , , , ,3,3,0100,7, , , ,NA   ,2,1, ,0000167,00004579,010.50,00087800,189.96,00001614,00001761,0
2013,0000005892,5,1,1,3,1,00240,3,4,11260,02,170,0003.00,2,5,5, , , , ,8, , , , ,2,5,0050,0, , , ,NA   ,2,1, ,0000177,00005614,013.40,00087800,114.33,00001494,00002030,0
2013,0000005892,5,1,1,3,2,00065,3,4,11260,02,020,0027.12,3,3,6, , , , ,6, , , , ,3,3,0072,0, , , ,NA   ,2,1, ,0000178,00009068,046.12,00087800,086.38,00002152,00003002,0
2013,0000005892,5,1,1,3,1,00226,3,1,11260,02,020,0023.01,2,2,5, , , , ,5, , , , ,1,2,0081,7, , , ,NA   ,2,1, ,0000180,00007088,029.61,00087800,137.71,00002009,00002332,0
2013,0000005892,5,1,1,3,1,00110,3,3,11260,02,020,0024.00,2,5,5, , , , ,8, , , , ,2,5,0014,0,3, , ,NA   ,2,1, ,0000187,00003299,038.04,00087800,114.71,00000770,00000955,0
2013,0000005892,5,1,1,3,1,00202,3,4,11260,02,020,0017.32,2,2,2, , , , ,5, , , , ,1,2,0105,0, , , ,NA   ,2,1, ,0000214,00006179,038.21,00087800,115.35,00001778,00002199,0
2013,0000005892,5,1,1,3,2,00087,3,3,11260,02,020,0003.00,2,2,1,5, , , ,5, , , , ,2,1,0236,0,9, , ,NA   ,2,1, ,0000218,00008000,032.96,00087800,063.46,00000011,00001233,0
2013,0000005892,5,1,1,3,2,00088,3,4,11260,02,020,0008.02,2,5,5, , , , ,8, , , , ,1,5,0036,0, , , ,NA   ,2,1, ,0000226,00004407,054.98,00087800,067.24,00000993,00001191,0
2013,0000005912,5,1,1,3,2,00289,3,1,11260,02,020,0017.32,2,5,5, , , , ,8, , , , ,2,5,0563,7, , , ,NA   ,2,1, ,0000001,00006179,038.21,00087800,115.35,00001778,00002199,0
2013,0000005912,5,1,3,1,2,00760,3,1,11260,02,020,0027.02,2,2,5, , , , ,5, , , , ,1,2,NA  ,7, , , ,NA   ,2,1, ,0000004,00009670,026.83,00087800,111.63,00002926,00003554,0
2013,0000005912,5,1,1,1,2,00248,3,1,11260,02,020,0014.00,2,2,5, , , , ,5, , , , ,1,2,0136,7, , , ,NA   ,2,1, ,0000005,00005224,047.68,00087800,058.97,00000657,00001074,0
2013,0000005912,5,1,2,3,1,00035,3,3,11260,02,020,0026.02,2,2,5, , , , ,5, , , , ,1,2,0041,0,9, , ,NA   ,2,1, ,0000006,00005805,041.05,00087800,117.41,00001588,00001849,0
2013,0000005912,5,1,2,1,2,00085,3,3,11260,02,020,0024.00,2,5,5, , , , ,8, , , , ,1,5,0115,0,1,9, ,NA   ,2,1, ,0000007,00003299,038.04,00087800,114.71,00000770,00000955,0
2013,0000005912,5,1,1,3,2,00189,3,4,11260,02,020,0001.02,2,2,5, , , , ,5, , , , ,1,2,0395,0, , , ,NA   ,2,1, ,0000008,00005259,018.48,00087800,110.47,00001235,00001681,0
2013,0000005912,5,1,3,1,2,00335,3,1,11260,02,020,0008.01,2,2,5, , , , ,5, , , , ,1,2,NA  ,7, , , ,NA   ,2,1, ,0000010,00007323,063.17,00087800,066.19,00000976,00002030,0
2013,0000005912,5,1,3,3,2,00447,3,1,11260,02,020,0008.01,2,2,5, , , , ,5, , , , ,1,2,NA  ,7, , , ,NA   ,2,1, ,0000011,00007323,063.17,00087800,066.19,00000976,00002030,0
2013,0000005912,5,1,3,3,2,00664,3,1,11260,02,020,0006.00,2,2,5, , , , ,5, , , , ,1,2,NA  ,7, , , ,NA   ,2,1, ,0000013,00007747,075.99,00087800,039.16,00000420,00001758,0
2013,0000005912,5,1,3,3,2,00447,3,1,11260,02,020,0006.00,2,2,5, , , , ,5, , , , ,1,2,NA  ,7, , , ,NA   ,2,1, ,0000014,00007747,075.99,00087800,039.16,00000420,00001758,0
2013,0000005912,5,1,3,3,2,00500,3,1,11260,02,020,0006.00,2,2,5, , , , ,5, , , , ,1,2,NA  ,7, , , ,NA   ,2,1, ,0000015,00007747,075.99,00087800,039.16,00000420,00001758,0
2013,0000005912,5,1,3,3,2,00265,3,1,11260,02,020,0014.00,2,5,5, , , , ,8, , , , ,1,5,NA  ,7, , , ,NA   ,2,1, ,0000016,00005224,047.68,00087800,058.97,00000657,00001074,0
2013,0000005912,5,1,3,3,2,00240,3,1,11260,02,020,0022.02,2,5,5, , , , ,8, , , , ,1,5,NA  ,7, , , ,NA   ,2,1, ,0000017,00002960,039.32,00087800,076.65,00000435,00001108,0
2013,0000005912,5,1,3,3,2,00595,3,1,11260,02,020,0025.01,2,5,5, , , , ,8, , , , ,1,5,NA  ,7, , , ,NA   ,2,1, ,0000018,00004993,038.15,00087800,105.11,00001338,00001795,0
2013,0000005912,5,1,3,3,2,00135,3,1,11260,02,020,0008.02,2,5,5, , , , ,8, , , , ,1,5,NA  ,7, , , ,NA   ,2,1, ,0000019,00004407,054.98,00087800,067.24,00000993,00001191,0
2013,0000005912,5,1,3,3,2,00319,3,1,11260,02,020,0002.01,2,2,5, , , , ,5, , , , ,1,2,NA  ,7, , , ,NA   ,2,1, ,0000020,00004110,024.43,00087800,092.76,00000969,00001272,0
2013,0000005912,5,1,3,1,2,00427,3,1,11260,02,020,0010.00,2,5,5, , , , ,8, , , , ,1,5,NA  ,7, , , ,NA   ,2,1, ,0000022,00004131,046.21,00087800,072.63,00000458,00000926,0
2013,0000005912,5,1,1,3,1,00616,3,1,11260,02,020,0028.22,2,2,1, , , , ,5, , , , ,1,2,0191,6, , , ,NA   ,2,1, ,0000024,00004020,013.03,00087800,157.81,00001387,00001503,0
2013,0000005912,5,2,1,1,1,00344,3,1,11260,02,170,0007.05,2,2,5, , , , ,5, , , , ,1,2,0118,6, , , ,NA   ,2,1, ,0000025,00003750,016.08,00087800,084.12,00001039,00001366,0
2013,0000005912,5,1,1,3,1,00136,3,1,11260,02,170,0009.00,2,5,1, , , , ,8, , , , ,1,5,0111,6, , , ,NA   ,2,1, ,0000026,00002544,016.12,00087800,092.40,00000708,00000963,0
2013,0000005912,5,2,1,3,1,00311,3,4,11260,02,020,0028.21,3,3,6, , , , ,6, , , , ,1,2,0049,0, , , ,NA   ,2,1, ,0000027,00005050,018.22,00087800,179.01,00001619,00001720,0
2013,0000005912,5,1,1,1,1,00234,3,1,11260,02,170,0007.03,3,5,6, , , , ,8, , , , ,1,5,0127,6, , , ,NA   ,2,1, ,0000028,00003676,018.06,00087800,076.16,00000877,00001244,0
2013,0000005912,5,2,1,1,1,00136,3,1,11260,02,020,0006.00,2,5,5, , , , ,8, , , , ,1,5,0068,6, , , ,NA   ,2,1, ,0000029,00007747,075.99,00087800,039.16,00000420,00001758,0
2013,0000005912,5,2,1,1,1,00156,3,1,11260,02,170,0012.02,2,5,5, , , , ,8, , , , ,2,5,0033,6, , , ,NA   ,2,1, ,0000030,00004664,019.79,00087800,102.58,00001052,00001409,0
2013,0000005912,5,1,1,3,1,00456,3,1,11260,02,020,0028.13,2,2,2, , , , ,2, , , , ,2,1,0096,6, , , ,NA   ,2,1, ,0000031,00004579,010.50,00087800,189.96,00001614,00001761,0
2013,0000005912,5,2,1,1,1,00260,3,4,11260,02,020,0017.32,2,2,5, , , , ,5, , , , ,2,2,0052,0, , , ,NA   ,2,1, ,0000032,00006179,038.21,00087800,115.35,00001778,00002199,0
2013,0000005912,5,2,1,1,1,00255,3,4,11260,02,020,0027.02,2,5,5, , , , ,8, , , , ,1,5,0070,0, , , ,NA   ,2,1, ,0000033,00009670,026.83,00087800,111.63,00002926,00003554,0
2013,0000005912,5,1,1,3,1,00322,3,4,11260,02,020,0023.02,1,1,1, , , , ,1, , , , ,1,2,0109,0, , , ,NA   ,2,1, ,0000034,00004791,036.74,00087800,111.63,00001169,00001609,0
2013,0000005912,5,1,1,1,1,00205,3,4,11260,02,020,0024.00,2,5,5, , , , ,8, , , , ,2,5,0051,0, , , ,NA   ,2,1, ,0000035,00003299,038.04,00087800,114.71,00000770,00000955,0
2013,0000005912,5,1,1,3,1,00120,3,1,11260,02,020,0025.01,2,2,5, , , , ,5, , , , ,1,2,0142,6, , , ,NA   ,2,1, ,0000037,00004993,038.15,00087800,105.11,00001338,00001795,0
2013,0000005912,5,1,1,3,1,00156,3,1,11260,02,020,0018.02,2,5,5, , , , ,8, , , , ,2,5,0037,6, , , ,NA   ,2,1, ,0000038,00005537,051.96,00087800,082.55,00001027,00001320,0
2013,0000005912,5,2,1,1,1,00172,3,1,11260,02,020,0008.01,2,2,5, , , , ,5, , , , ,2,1,0054,0, , , ,NA   ,2,1, ,0000039,00007323,063.17,00087800,066.19,00000976,00002030,0
2013,0000005912,5,3,1,1,1,00238,3,1,11260,02,020,0002.03,2,2,5, , , , ,5, , , , ,1,2,0079,6, , , ,NA   ,2,1, ,0000040,00010549,017.51,00087800,129.43,00003080,00003541,0
2013,0000005912,5,2,1,1,1,00161,3,1,11260,02,170,0006.03,2,5,5, , , , ,8, , , , ,1,5,0077,6, , , ,NA   ,2,1, ,0000041,00006131,019.20,00087800,099.63,00001446,00001781,0
2013,0000005912,5,3,1,1,1,00260,3,4,11260,02,020,0026.03,2,5,5, , , , ,8, , , , ,1,5,0099,0, , , ,NA   ,2,1, ,0000042,00006341,037.34,00087800,111.17,00001892,00002177,0
2013,0000005912,5,2,1,1,1,00210,3,1,11260,02,170,0007.05,2,2,5, , , , ,5, , , , ,2,1,0139,6, , , ,NA   ,2,1, ,0000043,00003750,016.08,00087800,084.12,00001039,00001366,0
2013,0000005912,5,2,1,1,1,00233,3,1,11260,02,020,0027.11,2,5,5, , , , ,8, , , , ,2,5,0044,0, , , ,NA   ,2,1, ,0000044,00006589,027.58,00087800,123.83,00002049,00002230,0
2013,0000005912,5,1,1,1,1,00186,3,1,11260,02,170,0007.05,2,5,5, , , , ,8, , , , ,2,5,0046,6, , , ,NA   ,2,1, ,0000045,00003750,016.08,00087800,084.12,00001039,00001366,0
2013,0000005912,5,2,1,1,1,00298,3,1,11260,02,020,0025.01,2,5,5, , , , ,8, , , , ,2,5,0074,6, , , ,NA   ,2,1, ,0000046,00004993,038.15,00087800,105.11,00001338,00001795,0
2013,0000005912,5,1,1,3,1,00216,3,1,11260,02,020,0002.02,2,5,5, , , , ,8, , , , ,2,5,0066,6, , , ,NA   ,2,1, ,0000047,00005947,019.71,00087800,104.99,00001621,00002011,0
2013,0000005912,5,1,1,1,1,00322,3,1,11260,02,020,0022.02,2,2,5, , , , ,5, , , , ,1,2,0140,6, , , ,NA   ,2,1, ,0000048,00002960,039.32,00087800,076.65,00000435,00001108,0
2013,0000005912,5,1,1,1,1,00299,3,1,11260,02,020,0013.00,2,2,4, , , , ,5, , , , ,1,2,0073,6, , , ,NA   ,2,1, ,0000049,00003059,015.20,00087800,170.10,00001113,00001306,0
2013,0000005912,5,1,1,1,1,00146,3,1,11260,02,170,0009.00,1,1,5, , , , ,5, , , , ,1,2,0042,6, , , ,NA   ,2,1, ,0000050,00002544,016.12,00087800,092.40,00000708,00000963,0
2013,0000005912,5,2,1,1,1,00211,3,1,11260,02,170,0007.03,2,2,5, , , , ,5, , , , ,1,2,0052,6, , , ,NA   ,2,1, ,0000052,00003676,018.06,00087800,076.16,00000877,00001244,0
2013,0000005912,5,3,1,1,1,00265,3,3,11260,02,020,0026.02,2,2,5, , , , ,5, , , , ,1,2,0081,0,3, , ,NA   ,2,1, ,0000053,00005805,041.05,00087800,117.41,00001588,00001849,0
2013,0000005912,5,3,1,1,1,00206,3,1,11260,02,170,0010.01,2,5,5, , , , ,8, , , , ,1,5,0080,6, , , ,NA   ,2,1, ,0000054,00003458,017.35,00087800,112.09,00000998,00001268,0
2013,0000005912,5,1,1,3,1,00075,3,1,11260,02,020,0016.01,2,5,5, , , , ,8, , , , ,2,5,0033,6, , , ,NA   ,2,1, ,0000055,00004092,042.52,00087800,099.90,00001217,00001410,0
2013,0000005912,5,1,1,3,1,00377,3,1,11260,02,020,0028.13,2,5,5, , , , ,8, , , , ,1,5,0093,6, , , ,NA   ,2,1, ,0000056,00004579,010.50,00087800,189.96,00001614,00001761,0
2013,0000005912,5,1,1,1,1,00366,3,3,11260,02,020,0027.12,2,2,4, , , , ,4, , , , ,1,2,0072,0,1, , ,NA   ,2,1, ,0000058,00009068,046.12,00087800,086.38,00002152,00003002,0
2013,0000005912,5,1,1,3,1,00360,3,1,11260,02,170,0011.00,2,5,5, , , , ,8, , , , ,1,5,0105,6, , , ,NA   ,2,1, ,0000059,00005364,016.63,00087800,111.23,00001593,00001754,0
2013,0000005912,5,1,1,3,2,00204,3,4,11260,02,020,0025.01,2,2,5, , , , ,5, , , , ,1,2,0120,0, , , ,NA   ,2,1, ,0000060,00004993,038.15,00087800,105.11,00001338,00001795,0
2013,0000005912,5,1,1,3,2,00154,3,1,11260,02,020,0028.11,2,2,5, , , , ,5, , , , ,1,2,0119,6, , , ,NA   ,2,1, ,0000061,00006313,044.27,00087800,087.68,00001734,00001829,0
2013,0000005912,5,1,1,1,2,00142,3,1,11260,02,020,0012.00,2,2,5, , , , ,5, , , , ,2,1,0265,6, , , ,NA   ,2,1, ,0000062,00003718,014.42,00087800,149.81,00001005,00001536,0
2013,0000005912,5,1,1,3,1,00158,3,1,11260,02,170,0011.00,3,3,6, , , , ,6, , , , ,3,3,0066,6, , , ,NA   ,2,1, ,0000063,00005364,016.63,00087800,111.23,00001593,00001754,0
2013,0000005912,5,1,1,3,1,00110,3,1,11260,02,020,0018.02,2,5,3, , , , ,8, , , , ,2,5,0100,6, , , ,NA   ,2,1, ,0000064,00005537,051.96,00087800,082.55,00001027,00001320,0
2013,0000005912,5,1,1,1,1,00430,3,6,11260,02,020,0028.12,2,5,5, , , , ,8, , , , ,1,5,0097,7, , , ,NA   ,2,4, ,0000065,00007166,018.69,00087800,173.46,00001998,00002331,2
2013,0000005912,5,2,1,1,1,00236,3,1,11260,02,020,0028.11,2,2,5, , , , ,5, , , , ,1,2,0072,6, , , ,NA   ,2,1, ,0000066,00006313,044.27,00087800,087.68,00001734,00001829,0
2013,0000005912,5,1,1,1,1,00180,3,1,11260,02,020,0017.01,2,2,5, , , , ,5, , , , ,2,1,0165,0, , , ,NA   ,2,1, ,0000067,00006843,038.32,00087800,098.29,00001685,00002621,0
2013,0000005912,5,1,1,3,1,00520,3,4,11260,02,020,0028.13,2,2,5, , , , ,5, , , , ,1,2,0150,0, , , ,NA   ,2,1, ,0000068,00004579,010.50,00087800,189.96,00001614,00001761,0
2013,0000005912,5,1,1,3,1,00205,3,1,11260,02,020,0020.00,2,5,3, , , , ,8, , , , ,1,5,0055,6, , , ,NA   ,2,1, ,0000069,00003748,056.54,00087800,063.98,00000495,00001246,0
2013,0000005912,5,3,1,3,1,00292,3,1,11260,02,170,0013.00,2,2,5, , , , ,5, , , , ,2,1,0159,6, , , ,NA   ,2,1, ,0000070,00005461,012.07,00087800,089.80,00001580,00002076,0
2013,0000005912,5,1,1,3,1,00227,3,3,11260,02,170,0010.04,2,5,5, , , , ,8, , , , ,1,5,0113,0,1, , ,NA   ,2,1, ,0000071,00004831,017.93,00087800,117.52,00001374,00001797,0
2013,0000005912,5,1,1,3,1,00165,3,4,11260,02,170,0006.03,2,5,5, , , , ,8, , , , ,1,5,0107,0, , , ,NA   ,2,1, ,0000072,00006131,019.20,00087800,099.63,00001446,00001781,0
2013,0000005912,5,1,1,3,1,00328,3,1,11260,02,020,0029.00,2,5,5, , , , ,8, , , , ,1,5,0117,6, , , ,NA   ,2,1, ,0000073,00002570,010.86,00087800,123.43,00000671,00001357,0
2013,0000005912,5,1,1,1,1,00274,3,1,11260,02,020,0026.03,2,5,5, , , , ,8, , , , ,2,5,0065,6, , , ,NA   ,2,1, ,0000074,00006341,037.34,00087800,111.17,00001892,00002177,0
2013,0000005912,5,1,1,3,1,00163,3,1,11260,02,170,0012.01,2,5,5, , , , ,8, , , , ,1,5,0067,6, , , ,NA   ,2,1, ,0000075,00005142,020.63,00087800,087.58,00001001,00001448,0
2013,0000005912,5,1,1,1,2,00187,3,3,11260,02,020,0007.03,2,2,5, , , , ,5, , , , ,1,2,0104,0,4, , ,NA   ,2,1, ,0000077,00005706,057.78,00087800,056.90,00000929,00001560,0
2013,0000005912,5,1,1,3,1,00158,3,4,11260,02,020,0027.12,2,5,6, , , , ,8, , , , ,2,5,0068,0, , , ,NA   ,2,1, ,0000078,00009068,046.12,00087800,086.38,00002152,00003002,0
2013,0000005912,5,1,1,1,1,00267,3,1,11260,02,170,0008.00,2,5,5, , , , ,8, , , , ,1,5,0070,7, , , ,NA   ,2,1, ,0000079,00004895,020.39,00087800,067.66,00000867,00001844,0
2013,0000005912,5,3,1,3,2,00148,3,1,11260,02,170,0006.03,2,5,5, , , , ,8, , , , ,1,5,NA  ,6, , , ,NA   ,2,1,6,0000080,00006131,019.20,00087800,099.63,00001446,00001781,0
2013,0000005912,5,1,1,3,1,00165,3,1,11260,02,020,0026.03,2,2,5, , , , ,5, , , , ,1,2,0106,6, , , ,NA   ,2,1, ,0000082,00006341,037.34,00087800,111.17,00001892,00002177,0
2013,0000005912,5,2,1,1,1,00187,3,3,11260,02,020,0006.00,2,5,2, , , , ,8, , , , ,1,5,0027,0,1, , ,NA   ,2,1, ,0000084,00007747,075.99,00087800,039.16,00000420,00001758,0
2013,0000005912,5,3,1,3,1,00154,3,1,11260,02,020,0024.00,2,2,5, , , , ,5, , , , ,2,1,NA  ,6, , , ,NA   ,2,1,6,0000085,00003299,038.04,00087800,114.71,00000770,00000955,0
2013,0000005912,5,1,1,3,1,00382,3,1,11260,02,020,0028.22,2,2,1, , , , ,5, , , , ,2,1,0100,6, , , ,NA   ,2,1, ,0000086,00004020,013.03,00087800,157.81,00001387,00001503,0
2013,0000005912,5,3,1,1,1,00480,3,4,11260,02,020,0001.01,2,2,3, , , , ,3, , , , ,1,2,0196,0, , , ,NA   ,2,1, ,0000087,00005736,015.93,00087800,133.78,00001522,00001923,0
2013,0000005912,5,3,1,1,1,00293,3,1,11260,02,170,0006.01,2,1,5, , , , ,5, , , , ,1,2,0113,6, , , ,NA   ,2,1, ,0000088,00004481,016.60,00087800,094.86,00001297,00001510,0
2013,0000005912,5,1,1,3,2,00189,3,3,11260,02,020,0001.02,2,2,5, , , , ,5, , , , ,1,2,0421,0,9, , ,NA   ,2,2, ,0000089,00005259,018.48,00087800,110.47,00001235,00001681,0
2013,0000005912,5,3,1,1,1,00118,3,3,11260,02,020,0018.02,2,5,5, , , , ,8, , , , ,2,5,0033,0,1, , ,NA   ,2,1, ,0000090,00005537,051.96,00087800,082.55,00001027,00001320,0
2013,0000005912,5,1,1,3,1,00208,3,1,11260,02,020,0022.01,2,5,5, , , , ,8, , , , ,2,5,0083,6, , , ,NA   ,2,1, ,0000092,00005053,041.82,00087800,113.80,00001473,00001875,0
2013,0000005912,5,2,1,3,1,00282,3,1,11260,02,020,0007.02,1,5,5, , , , ,8, , , , ,1,5,0067,6, , , ,NA   ,2,1, ,0000093,00005107,052.46,00087800,089.77,00000784,00001641,0
2013,0000005912,5,1,1,3,1,00422,3,1,11260,02,020,0023.01,2,2,5, , , , ,5, , , , ,1,2,0209,6, , , ,NA   ,2,1, ,0000094,00007088,029.61,00087800,137.71,00002009,00002332,0
2013,0000005912,5,1,1,1,1,00432,3,6,11260,02,170,0011.00,1,2,5, , , , ,5, , , , ,2,1,0158,7, , , ,NA   ,2,4, ,0000095,00005364,016.63,00087800,111.23,00001593,00001754,2
2013,0000005912,5,1,1,1,1,00259,3,1,11260,02,020,0001.02,2,5,1, , , , ,8, , , , ,1,5,0142,6, , , ,NA   ,2,1, ,0000096,00005259,018.48,00087800,110.47,00001235,00001681,0
2013,0000005912,5,1,1,1,1,00309,3,1,11260,02,020,0026.02,2,2,2, , , , ,5, , , , ,2,1,0104,6, , , ,NA   ,2,1, ,0000097,00005805,041.05,00087800,117.41,00001588,00001849,0
2013,0000005912,5,3,1,3,1,00256,3,1,11260,02,170,0011.00,2,2,5, , , , ,5, , , , ,1,2,0060,6, , , ,NA   ,2,1, ,0000098,00005364,016.63,00087800,111.23,00001593,00001754,0
2013,0000005912,5,1,1,3,1,00298,3,1,11260,02,020,0027.11,2,2,5, , , , ,6, , , , ,2,1,0130,6, , , ,NA   ,2,1, ,0000100,00006589,027.58,00087800,123.83,00002049,00002230,0
2013,0000005912,5,2,1,3,1,00184,3,3,11260,02,020,0002.03,2,2,5, , , , ,5, , , , ,1,2,0147,0,3, , ,NA   ,2,1, ,0000101,00010549,017.51,00087800,129.43,00003080,00003541,0
2013,0000005912,5,1,1,3,1,00158,3,1,11260,02,170,0006.04,2,2,5, , , , ,5, , , , ,1,2,0059,6, , , ,NA   ,2,1, ,0000102,00004734,020.00,00087800,064.95,00000773,00001140,0
2013,0000005912,5,1,1,3,1,00333,3,1,11260,02,020,0028.23,1,2,5, , , , ,5, , , , ,1,2,0176,6, , , ,NA   ,2,1, ,0000103,00005217,015.85,00087800,194.96,00001648,00001945,0
2013,0000005912,5,1,1,3,1,00206,3,1,11260,02,020,0029.00,2,5,5, , , , ,8, , , , ,1,5,0086,6, , , ,NA   ,2,2, ,0000104,00002570,010.86,00087800,123.43,00000671,00001357,0
2013,0000005912,5,1,1,1,1,00386,3,1,11260,02,020,0028.12,2,2,5, , , , ,2, , , , ,2,1,0146,6, , , ,NA   ,2,1, ,0000106,00007166,018.69,00087800,173.46,00001998,00002331,0
2013,0000005912,5,2,1,1,1,00389,3,3,11260,02,020,0015.00,2,2,5, , , , ,5, , , , ,1,2,0112,0,4, , ,NA   ,2,1, ,0000107,00005104,028.62,00087800,151.23,00001474,00001942,0
2013,0000005912,5,1,1,3,1,00177,3,1,11260,02,020,0023.03,2,2,5, , , , ,5, , , , ,1,2,0096,6, , , ,NA   ,2,1, ,0000109,00009273,041.96,00087800,085.98,00001859,00002505,0
2013,0000005912,5,1,1,1,1,00312,3,3,11260,02,170,0003.00,2,2,5, , , , ,5, , , , ,1,2,0084,0,9, , ,NA   ,2,1, ,0000110,00005614,013.40,00087800,114.33,00001494,00002030,0
2013,0000005912,5,3,1,3,1,00356,3,1,11260,02,020,0002.03,3,3,6, , , , ,6, , , , ,1,2,NA  ,6, , , ,NA   ,2,1,6,0000111,00010549,017.51,00087800,129.43,00003080,00003541,0
2013,0000005912,5,1,1,1,2,00130,3,4,11260,02,170,0003.00,2,5,5, , , , ,8, , , , ,1,5,0092,0, , , ,NA   ,2,1, ,0000112,00005614,013.40,00087800,114.33,00001494,00002030,0
2013,0000005912,5,1,1,3,1,00174,3,1,11260,02,170,0012.01,2,5,5, , , , ,8, , , , ,2,5,0032,6, , , ,NA   ,2,1, ,0000113,00005142,020.63,00087800,087.58,00001001,00001448,0
2013,0000005912,5,1,1,3,1,00210,3,1,11260,02,020,0023.01,2,2,5, , , , ,5, , , , ,1,2,0077,6, , , ,NA   ,2,1, ,0000114,00007088,029.61,00087800,137.71,00002009,00002332,0
2013,0000005912,5,1,1,3,1,00069,3,1,11260,02,020,0007.03,1,5,2, , , , ,8, , , , ,1,5,0036,6, , , ,NA   ,2,1, ,0000115,00005706,057.78,00087800,056.90,00000929,00001560,0
2013,0000005912,5,1,1,3,1,00325,3,1,11260,02,020,0002.03,2,5,5, , , , ,8, , , , ,1,5,0120,6, , , ,NA   ,2,1, ,0000116,00010549,017.51,00087800,129.43,00003080,00003541,0
2013,0000005912,5,1,1,3,1,00148,3,1,11260,02,020,0002.03,2,5,5, , , , ,8, , , , ,1,5,0044,6, , , ,NA   ,2,1, ,0000117,00010549,017.51,00087800,129.43,00003080,00003541,0
2013,0000005912,5,1,1,3,1,00168,3,1,11260,02,020,0028.11,2,5,5, , , , ,8, , , , ,2,5,0069,6, , , ,NA   ,2,1, ,0000118,00006313,044.27,00087800,087.68,00001734,00001829,0
2013,0000005912,5,3,1,3,1,00242,3,4,11260,02,020,0023.02,2,2,5, , , , ,5, , , , ,1,2,NA  ,0, , , ,NA   ,2,1,6,0000119,00004791,036.74,00087800,111.63,00001169,00001609,0
2013,0000005912,5,1,1,3,1,00201,3,1,11260,02,020,0022.01,2,5,5, , , , ,8, , , , ,2,5,0083,6, , , ,NA   ,2,1, ,0000120,00005053,041.82,00087800,113.80,00001473,00001875,0
2013,0000005912,5,1,1,1,1,00336,3,1,11260,02,020,0023.01,2,5,5, , , , ,8, , , , ,1,5,0125,6, , , ,NA   ,2,1, ,0000121,00007088,029.61,00087800,137.71,00002009,00002332,0
2013,0000005912,5,2,1,1,1,00229,3,6,11260,02,020,0026.03,2,2,3, , , , ,5, , , , ,1,2,0103,7, , , ,NA   ,2,4, ,0000122,00006341,037.34,00087800,111.17,00001892,00002177,2
2013,0000005912,5,1,1,1,1,00179,3,1,11260,02,020,0025.02,2,5,1, , , , ,8, , , , ,1,5,0080,7, , , ,NA   ,2,1, ,0000123,00005236,038.73,00087800,115.71,00001092,00001265,0
2013,0000005912,5,1,1,3,1,00210,3,6,11260,02,020,0017.02,1,5,5, , , , ,8, , , , ,1,5,0107,7, , , ,NA   ,2,4, ,0000124,00005258,034.58,00087800,112.26,00001479,00001868,2
2013,0000005912,5,1,1,1,1,00198,3,4,11260,02,020,0017.31,2,5,4, , , , ,8, , , , ,1,5,0101,0, , , ,NA   ,2,1, ,0000126,00005823,045.49,00087800,079.20,00001335,00001843,0
2013,0000005912,5,2,1,1,1,00361,3,4,11260,02,020,0012.00,2,2,5, , , , ,5, , , , ,1,2,0136,0, , , ,NA   ,2,1, ,0000127,00003718,014.42,00087800,149.81,00001005,00001536,0
2013,0000005912,5,1,1,1,1,00184,3,1,11260,02,020,0015.00,2,5,5, , , , ,8, , , , ,1,5,0055,6, , , ,NA   ,2,1, ,0000128,00005104,028.62,00087800,151.23,00001474,00001942,0
2013,0000005912,5,2,1,3,1,00234,3,1,11260,02,020,0026.02,2,2,5, , , , ,6, , , , ,2,1,NA  ,6, , , ,NA   ,2,1,6,0000130,00005805,041.05,00087800,117.41,00001588,00001849,0
2013,0000005912,5,1,1,3,1,00225,3,1,11260,02,020,0028.11,2,5,5, , , , ,8, , , , ,1,5,0072,6, , , ,NA   ,2,1, ,0000132,00006313,044.27,00087800,087.68,00001734,00001829,0
2013,0000005912,5,2,1,3,1,00245,3,1,11260,02,020,0022.01,2,2,2, , , , ,2, , , , ,1,2,NA  ,6, , , ,NA   ,2,1,6,0000133,00005053,041.82,00087800,113.80,00001473,00001875,0
2013,0000005912,5,2,1,1,1,00240,3,3,11260,02,020,0002.02,1,5,5, , , , ,8, , , , ,1,5,0072,0,1, , ,NA   ,2,1, ,0000134,00005947,019.71,00087800,104.99,00001621,00002011,0
2013,0000005912,5,1,1,3,1,00116,3,4,11260,02,020,0017.01,2,5,1, , , , ,8, , , , ,2,5,0063,0, , , ,NA   ,2,1, ,0000135,00006843,038.32,00087800,098.29,00001685,00002621,0
2013,0000005912,5,2,1,1,1,00194,3,1,11260,02,170,0007.05,3,3,6, , , , ,6, , , , ,1,2,0053,6, , , ,NA   ,2,1, ,0000136,00003750,016.08,00087800,084.12,00001039,00001366,0
2013,0000005912,5,2,1,3,1,00216,3,1,11260,02,020,0017.32,2,2,5, , , , ,5, , , , ,1,2,0060,6, , , ,NA   ,2,1, ,0000138,00006179,038.21,00087800,115.35,00001778,00002199,0
2013,0000005912,5,2,1,3,1,00217,3,4,11260,02,020,0025.01,2,5,1, , , , ,8, , , , ,2,5,0062,0, , , ,NA   ,2,1, ,0000139,00004993,038.15,00087800,105.11,00001338,00001795,0
2013,0000005912,5,1,1,3,1,00217,3,1,11260,02,020,0017.32,2,5,2, , , , ,8, , , , ,2,5,0054,6, , , ,NA   ,2,1, ,0000140,00006179,038.21,00087800,115.35,00001778,00002199,0
2013,0000005912,5,2,1,3,1,00206,3,4,11260,02,020,0017.01,2,5,5, , , , ,8, , , , ,1,5,0068,0, , , ,NA   ,2,1, ,0000141,00006843,038.32,00087800,098.29,00001685,00002621,0
2013,0000005912,5,1,1,3,1,00249,3,1,11260,02,020,0002.04,2,5,5, , , , ,8, , , , ,1,5,0067,6, , , ,NA   ,2,1, ,0000142,00003381,017.07,00087800,155.13,00000920,00001168,0
2013,0000005912,5,1,1,1,1,00258,3,1,11260,02,020,0017.32,2,2,5, , , , ,5, , , , ,1,2,0075,6, , , ,NA   ,2,1, ,0000143,00006179,038.21,00087800,115.35,00001778,00002199,0
2013,0000005912,5,2,1,3,1,00245,3,1,11260,02,170,0009.00,2,5,5, , , , ,8, , , , ,1,5,0067,6, , , ,NA   ,2,1, ,0000144,00002544,016.12,00087800,092.40,00000708,00000963,0
